{"cameraMode":{"drawMode":0,"name":"Shaded","section":"Shading Mode"},"sceneLighting":true,"audioPlay":false,"sceneViewState":{"m_AlwaysRefresh":false,"showFog":true,"showSkybox":true,"showFlares":true,"showImageEffects":true,"showParticleSystems":true,"showVisualEffectGraphs":true,"m_FxEnabled":true},"in2DMode":false,"pivot":{"x":624.2820434570313,"y":79.23950958251953,"z":737.0172119140625},"rotation":{"x":-0.22189275920391084,"y":-0.021354934200644494,"z":0.004860806278884411,"w":-0.9748252630233765},"size":178.6758270263672,"orthographic":false}